<?xml version="1.0" encoding="UTF-8"?>
<jcr:root xmlns:sling="http://sling.apache.org/jcr/sling/1.0" xmlns:fdm="http://www.adobe.com/aemfd/fdm/1.0" xmlns:jcr="http://www.jcp.org/jcr/1.0" xmlns:nt="http://www.jcp.org/jcr/nt/1.0"
    jcr:primaryType="sling:Folder">
    <jcr:content
        jcr:primaryType="nt:unstructured"
        name="getformsinfolder"
        rendition.handler.id="fdm.structure"
        title="GetFormsInFolder">
        <definitions jcr:primaryType="nt:unstructured">
            <Forms
                fdm:binaryEntity="{Boolean}false"
                fdm:bindRef="Forms"
                fdm:defaultBinaryEntity="{Boolean}false"
                fdm:genericOperationAllowed="{Boolean}false"
                fdm:rootEntity="{Boolean}true"
                fdm:schemaName="DEFAULT_SCHEMA"
                fdm:source="source1"
                jcr:primaryType="nt:unstructured"
                id="Forms"
                name="Forms">
                <links jcr:primaryType="nt:unstructured"/>
                <properties jcr:primaryType="nt:unstructured">
                    <formPath
                        fdm:bindRef="formPath"
                        fdm:computed="{Boolean}false"
                        fdm:nullable="{Boolean}true"
                        fdm:primaryKey="{Boolean}false"
                        fdm:protected="{Boolean}false"
                        fdm:readOnly="{Boolean}false"
                        fdm:required="{Boolean}false"
                        jcr:primaryType="nt:unstructured"
                        name="formPath"
                        title="formPath"
                        type="string"/>
                    <formTitle
                        fdm:bindRef="formTitle"
                        fdm:computed="{Boolean}false"
                        fdm:nullable="{Boolean}true"
                        fdm:primaryKey="{Boolean}false"
                        fdm:protected="{Boolean}false"
                        fdm:readOnly="{Boolean}false"
                        fdm:required="{Boolean}false"
                        jcr:primaryType="nt:unstructured"
                        name="formTitle"
                        title="formTitle"
                        type="string"/>
                </properties>
            </Forms>
        </definitions>
        <links jcr:primaryType="nt:unstructured">
            <get_content_azuredemoapilistformsinfolderjcrcontentjson
                fdm:source="source1"
                jcr:primaryType="nt:unstructured"
                description="Get list of forms in a specified folder"
                genericOperation="{Boolean}false"
                href="localhost:4502"
                id="GET /content/azuredemo/api/listFormsInFolder/jcr:content.json"
                method="GET"
                name="GET /content/azuredemo/api/listFormsInFolder/jcr:content.json">
                <fdm:data jcr:primaryType="nt:unstructured"/>
                <schema
                    fdm:bindRef="schema"
                    fdm:computed="{Boolean}false"
                    fdm:nullable="{Boolean}true"
                    fdm:primaryKey="{Boolean}false"
                    fdm:protected="{Boolean}false"
                    fdm:readOnly="{Boolean}false"
                    fdm:required="{Boolean}false"
                    jcr:primaryType="nt:unstructured"
                    description="operation input description"
                    name="schema"
                    type="object">
                    <properties jcr:primaryType="nt:unstructured">
                        <folderPath
                            fdm:bindRef="folderPath"
                            fdm:computed="{Boolean}false"
                            fdm:in="query"
                            fdm:nullable="{Boolean}true"
                            fdm:primaryKey="{Boolean}false"
                            fdm:protected="{Boolean}false"
                            fdm:readOnly="{Boolean}false"
                            fdm:required="{Boolean}true"
                            jcr:primaryType="nt:unstructured"
                            default="/content/forms/af/azureportal"
                            description="Form Path"
                            name="folderPath"
                            type="string"/>
                    </properties>
                </schema>
                <targetSchema
                    fdm:bindRef="Forms"
                    fdm:computed="{Boolean}false"
                    fdm:nullable="{Boolean}true"
                    fdm:primaryKey="{Boolean}false"
                    fdm:protected="{Boolean}false"
                    fdm:readOnly="{Boolean}false"
                    fdm:required="{Boolean}false"
                    jcr:primaryType="nt:unstructured"
                    name="Forms"
                    type="array">
                    <items
                        jcr:primaryType="nt:unstructured"
                        _x0024_ref="Forms"
                        type="object"/>
                </targetSchema>
            </get_content_azuredemoapilistformsinfolderjcrcontentjson>
        </links>
        <properties jcr:primaryType="nt:unstructured">
            <Forms
                fdm:computed="{Boolean}false"
                fdm:nullable="{Boolean}true"
                fdm:protected="{Boolean}false"
                fdm:readOnly="{Boolean}false"
                fdm:required="{Boolean}false"
                jcr:primaryType="nt:unstructured"
                _x0024_ref="Forms"
                name="Forms"/>
        </properties>
    </jcr:content>
</jcr:root>
