<?xml version="1.0" encoding="UTF-8"?>
<jcr:root xmlns:sling="http://sling.apache.org/jcr/sling/1.0" xmlns:fdm="http://www.adobe.com/aemfd/fdm/1.0" xmlns:jcr="http://www.jcp.org/jcr/1.0" xmlns:nt="http://www.jcp.org/jcr/nt/1.0"
    jcr:primaryType="sling:Folder">
    <jcr:content
        jcr:primaryType="nt:unstructured"
        name="getfieldchoices"
        rendition.handler.id="fdm.structure"
        title="GetFieldChoices">
        <definitions jcr:primaryType="nt:unstructured">
            <choices
                fdm:binaryEntity="{Boolean}false"
                fdm:bindRef="choices"
                fdm:defaultBinaryEntity="{Boolean}false"
                fdm:genericOperationAllowed="{Boolean}false"
                fdm:rootEntity="{Boolean}true"
                fdm:schemaName="DEFAULT_SCHEMA"
                fdm:source="source1"
                jcr:primaryType="nt:unstructured"
                id="choices"
                name="choices">
                <links jcr:primaryType="nt:unstructured"/>
                <properties jcr:primaryType="nt:unstructured">
                    <name
                        fdm:bindRef="name"
                        fdm:computed="{Boolean}false"
                        fdm:nullable="{Boolean}true"
                        fdm:primaryKey="{Boolean}false"
                        fdm:protected="{Boolean}false"
                        fdm:readOnly="{Boolean}false"
                        fdm:required="{Boolean}false"
                        jcr:primaryType="nt:unstructured"
                        name="name"
                        title="name"
                        type="string"/>
                    <value
                        fdm:bindRef="value"
                        fdm:computed="{Boolean}false"
                        fdm:nullable="{Boolean}true"
                        fdm:primaryKey="{Boolean}false"
                        fdm:protected="{Boolean}false"
                        fdm:readOnly="{Boolean}false"
                        fdm:required="{Boolean}false"
                        jcr:primaryType="nt:unstructured"
                        name="value"
                        title="value"
                        type="string"/>
                </properties>
            </choices>
        </definitions>
        <links jcr:primaryType="nt:unstructured">
            <get_content_azuredemoapigetfieldchoicesjcrcontentjson
                fdm:source="source1"
                jcr:primaryType="nt:unstructured"
                description="Get options for a give searchable field"
                genericOperation="{Boolean}false"
                href="localhost:4502"
                id="GET /content/azuredemo/api/getFieldChoices/jcr:content.json"
                method="GET"
                name="GET /content/azuredemo/api/getFieldChoices/jcr:content.json">
                <fdm:data jcr:primaryType="nt:unstructured"/>
                <schema
                    fdm:bindRef="schema"
                    fdm:computed="{Boolean}false"
                    fdm:nullable="{Boolean}true"
                    fdm:primaryKey="{Boolean}false"
                    fdm:protected="{Boolean}false"
                    fdm:readOnly="{Boolean}false"
                    fdm:required="{Boolean}false"
                    jcr:primaryType="nt:unstructured"
                    description="operation input description"
                    name="schema"
                    type="object">
                    <properties jcr:primaryType="nt:unstructured">
                        <formPath
                            fdm:bindRef="formPath"
                            fdm:computed="{Boolean}false"
                            fdm:in="query"
                            fdm:nullable="{Boolean}true"
                            fdm:primaryKey="{Boolean}false"
                            fdm:protected="{Boolean}false"
                            fdm:readOnly="{Boolean}false"
                            fdm:required="{Boolean}true"
                            jcr:primaryType="nt:unstructured"
                            description="Form Path"
                            name="formPath"
                            type="string"/>
                        <fieldName
                            fdm:bindRef="fieldName"
                            fdm:computed="{Boolean}false"
                            fdm:in="query"
                            fdm:nullable="{Boolean}true"
                            fdm:primaryKey="{Boolean}false"
                            fdm:protected="{Boolean}false"
                            fdm:readOnly="{Boolean}false"
                            fdm:required="{Boolean}true"
                            jcr:primaryType="nt:unstructured"
                            description="Name of the searchable field"
                            name="fieldName"
                            type="string"/>
                    </properties>
                </schema>
                <targetSchema
                    fdm:bindRef="choices"
                    fdm:computed="{Boolean}false"
                    fdm:nullable="{Boolean}true"
                    fdm:primaryKey="{Boolean}false"
                    fdm:protected="{Boolean}false"
                    fdm:readOnly="{Boolean}false"
                    fdm:required="{Boolean}false"
                    jcr:primaryType="nt:unstructured"
                    name="choices"
                    type="array">
                    <items
                        jcr:primaryType="nt:unstructured"
                        _x0024_ref="choices"
                        type="object"/>
                </targetSchema>
            </get_content_azuredemoapigetfieldchoicesjcrcontentjson>
        </links>
        <properties jcr:primaryType="nt:unstructured">
            <choices
                fdm:computed="{Boolean}false"
                fdm:nullable="{Boolean}true"
                fdm:protected="{Boolean}false"
                fdm:readOnly="{Boolean}false"
                fdm:required="{Boolean}false"
                jcr:primaryType="nt:unstructured"
                _x0024_ref="choices"
                name="choices"/>
        </properties>
    </jcr:content>
</jcr:root>
