<?xml version="1.0" encoding="UTF-8"?>
<workspaceFilter version="1.0">
    <filter root="/conf/azuredemo" mode="merge"/>
    <filter root="/content/azuredemo" mode="merge"/>
    <filter root="/content/dam/azuredemo" mode="merge">
        <exclude pattern="/content/dam/azuredemo(/.*)?"/>
        <include pattern="/content/dam/azuredemo/jcr:content(/.*)?"/>
    </filter>
    <filter root="/content/dam/azuredemo/asset.jpg" mode="merge"/>
    <filter root="/content/experience-fragments/azuredemo" mode="merge"/>
    <filter root="/content/dam/formsanddocuments-themes/azuredemo" mode="merge"/>
    <filter root="/content/dam/formsanddocuments-fdm/azuredemo" mode="merge"/>
    <filter root="/content/dam/azuredemo/sample_logo.png" mode="merge"/>
    <filter root="/content/dam/azuredemo/sample_terms.png" mode="merge"/>
    <filter root="/content/dam/azuredemo/wknd_logo.png" mode="merge"/>
    <filter root="/content/dam/formsanddocuments/azureportal" mode="replace"/>
    <filter root="/content/forms/af/azureportal" mode="replace"/>

</workspaceFilter>
